{"error": false, "size": [1280, 720], "name": "9:22", "version": "0.9.1", "location": {"label": {"splashscreen": ["game/scenes/_splashscreen.rpy", 1], "start": ["game/scenes/_start.rpy", 1], "main_menu": ["game/scenes/_start.rpy", 15], "title_menu": ["game/scenes/_title_menu.rpy", 1], "to_be_continued": ["game/scenes/_to_be_continued.rpy", 1], "scene_10": ["game/scenes/scene_10.rpy", 1], "scene_100": ["game/scenes/scene_100.rpy", 1], "scene_110": ["game/scenes/scene_110.rpy", 231], "scene_120": ["game/scenes/scene_120.rpy", 1], "scene_130": ["game/scenes/scene_130.rpy", 1], "scene_140": ["game/scenes/scene_140.rpy", 1], "scene_150": ["game/scenes/scene_150.rpy", 1], "scene_160": ["game/scenes/scene_160.rpy", 1], "scene_170": ["game/scenes/scene_170.rpy", 1], "scene_180": ["game/scenes/scene_180.rpy", 1], "scene_190": ["game/scenes/scene_190.rpy", 1], "scene_20": ["game/scenes/scene_20.rpy", 1], "scene_200": ["game/scenes/scene_200.rpy", 1], "scene_210": ["game/scenes/scene_210.rpy", 1], "scene_220": ["game/scenes/scene_220.rpy", 1], "scene_230": ["game/scenes/scene_230.rpy", 1], "scene_240": ["game/scenes/scene_240.rpy", 52], "scene_250": ["game/scenes/scene_250.rpy", 31], "scene_260": ["game/scenes/scene_260.rpy", 96], "scene_270": ["game/scenes/scene_270.rpy", 17], "scene_280": ["game/scenes/scene_280.rpy", 68], "scene_290": ["game/scenes/scene_290.rpy", 1], "scene_30": ["game/scenes/scene_30.rpy", 1], "scene_300": ["game/scenes/scene_300.rpy", 11], "scene_310": ["game/scenes/scene_310.rpy", 47], "scene_320": ["game/scenes/scene_320.rpy", 34], "scene_330": ["game/scenes/scene_330.rpy", 164], "scene_50": ["game/scenes/scene_50.rpy", 1], "scene_60": ["game/scenes/scene_60.rpy", 34], "scene_70": ["game/scenes/scene_70.rpy", 1], "scene_80": ["game/scenes/scene_80.rpy", 48], "scene_90": ["game/scenes/scene_90.rpy", 53]}, "define": {"gui.accent_color": ["game/screens.rpy", 26], "gui.idle_color": ["game/screens.rpy", 29], "gui.idle_small_color": ["game/screens.rpy", 33], "gui.hover_color": ["game/screens.rpy", 36], "gui.selected_color": ["game/screens.rpy", 40], "gui.insensitive_color": ["game/screens.rpy", 43], "gui.muted_color": ["game/screens.rpy", 47], "gui.hover_muted_color": ["game/screens.rpy", 48], "gui.text_color": ["game/screens.rpy", 51], "gui.interface_text_color": ["game/screens.rpy", 52], "gui.text_font": ["game/screens.rpy", 58], "gui.name_text_font": ["game/screens.rpy", 61], "gui.interface_text_font": ["game/screens.rpy", 64], "gui.text_size": ["game/screens.rpy", 67], "gui.name_text_size": ["game/screens.rpy", 70], "gui.interface_text_size": ["game/screens.rpy", 73], "gui.label_text_size": ["game/screens.rpy", 76], "gui.notify_text_size": ["game/screens.rpy", 79], "gui.title_text_size": ["game/screens.rpy", 82], "gui.button_width": ["game/screens.rpy", 91], "gui.button_height": ["game/screens.rpy", 92], "gui.button_borders": ["game/screens.rpy", 95], "gui.button_tile": ["game/screens.rpy", 99], "gui.button_text_font": ["game/screens.rpy", 102], "gui.button_text_size": ["game/screens.rpy", 105], "gui.button_text_idle_color": ["game/screens.rpy", 108], "gui.button_text_hover_color": ["game/screens.rpy", 109], "gui.button_text_selected_color": ["game/screens.rpy", 110], "gui.button_text_insensitive_color": ["game/screens.rpy", 111], "gui.button_text_xalign": ["game/screens.rpy", 115], "gui.button_hover_sound": ["game/screens.rpy", 118], "gui.navigation_xpos": ["game/screens.rpy", 128], "gui.skip_ypos": ["game/screens.rpy", 131], "gui.notify_ypos": ["game/screens.rpy", 134], "gui.choice_spacing": ["game/screens.rpy", 137], "gui.navigation_spacing": ["game/screens.rpy", 140], "gui.pref_spacing": ["game/screens.rpy", 143], "gui.pref_button_spacing": ["game/screens.rpy", 146], "gui.main_menu_text_xalign": ["game/screens.rpy", 149], "gui.frame_borders": ["game/screens.rpy", 158], "gui.confirm_frame_borders": ["game/screens.rpy", 161], "gui.skip_frame_borders": ["game/screens.rpy", 164], "gui.notify_frame_borders": ["game/screens.rpy", 167], "gui.frame_tile": ["game/screens.rpy", 170], "gui.bar_size": ["game/screens.rpy", 182], "gui.scrollbar_size": ["game/screens.rpy", 183], "gui.slider_size": ["game/screens.rpy", 184], "gui.bar_tile": ["game/screens.rpy", 187], "gui.scrollbar_tile": ["game/screens.rpy", 188], "gui.slider_tile": ["game/screens.rpy", 189], "gui.bar_borders": ["game/screens.rpy", 192], "gui.scrollbar_borders": ["game/screens.rpy", 193], "gui.slider_borders": ["game/screens.rpy", 194], "gui.vbar_borders": ["game/screens.rpy", 197], "gui.vscrollbar_borders": ["game/screens.rpy", 198], "gui.vslider_borders": ["game/screens.rpy", 199], "gui.unscrollable": ["game/screens.rpy", 203], "config.name": ["game/options.rpy", 12], "config.version": ["game/options.rpy", 15], "build.name": ["game/options.rpy", 20], "config.sample_sound": ["game/options.rpy", 27], "config.enter_transition": ["game/options.rpy", 45], "config.exit_transition": ["game/options.rpy", 46], "config.intra_transition": ["game/options.rpy", 51], "config.after_load_transition": ["game/options.rpy", 56], "config.end_game_transition": ["game/options.rpy", 61], "config.console": ["game/options.rpy", 65], "config.window": ["game/options.rpy", 78], "config.window_show_transition": ["game/options.rpy", 83], "config.window_hide_transition": ["game/options.rpy", 84], "config.save_directory": ["game/options.rpy", 115], "config.window_icon": ["game/options.rpy", 122], "config.has_quicksave": ["game/options.rpy", 131], "config.autosave_slots": ["game/options.rpy", 135], "small_display_show_all": ["game/options.rpy", 149], "small_display_fit_screen": ["game/options.rpy", 150], "default_volume": ["game/options.rpy", 214], "config.narrator_menu": ["game/screens/choice.rpy", 11], "gui.choice_button_width": ["game/screens/choice.rpy", 14], "gui.choice_button_height": ["game/screens/choice.rpy", 15], "gui.choice_button_tile": ["game/screens/choice.rpy", 16], "gui.choice_button_borders": ["game/screens/choice.rpy", 17], "gui.choice_button_text_font": ["game/screens/choice.rpy", 18], "gui.choice_button_text_size": ["game/screens/choice.rpy", 19], "gui.choice_button_text_xalign": ["game/screens/choice.rpy", 20], "gui.choice_button_text_idle_color": ["game/screens/choice.rpy", 21], "gui.choice_button_text_hover_color": ["game/screens/choice.rpy", 22], "gui.choice_button_text_insensitive_color": ["game/screens/choice.rpy", 23], "gui.confirm_button_text_xalign": ["game/screens/confirm.rpy", 32], "gui.radio_button_borders": ["game/screens/preferences.rpy", 71], "gui.check_button_borders": ["game/screens/preferences.rpy", 72], "gui.quick_button_borders": ["game/screens/quick_menu.rpy", 22], "gui.quick_button_text_size": ["game/screens/quick_menu.rpy", 23], "gui.quick_button_text_idle_color": ["game/screens/quick_menu.rpy", 24], "gui.quick_button_text_selected_color": ["game/screens/quick_menu.rpy", 25], "gui.slot_button_height": ["game/screens/save_load.rpy", 46], "gui.slot_button_borders": ["game/screens/save_load.rpy", 47], "gui.slot_button_text_size": ["game/screens/save_load.rpy", 48], "gui.slot_button_text_xalign": ["game/screens/save_load.rpy", 49], "gui.slot_button_text_idle_color": ["game/screens/save_load.rpy", 50], "gui.slot_button_text_selected_idle_color": ["game/screens/save_load.rpy", 51], "gui.slot_button_text_selected_hover_color": ["game/screens/save_load.rpy", 52], "config.thumbnail_width": ["game/screens/save_load.rpy", 54], "config.thumbnail_height": ["game/screens/save_load.rpy", 55], "gui.textbox_height": ["game/screens/say.rpy", 34], "gui.textbox_yalign": ["game/screens/say.rpy", 35], "gui.name_xpos": ["game/screens/say.rpy", 37], "gui.name_ypos": ["game/screens/say.rpy", 38], "gui.name_xalign": ["game/screens/say.rpy", 39], "gui.namebox_width": ["game/screens/say.rpy", 41], "gui.namebox_height": ["game/screens/say.rpy", 42], "gui.namebox_borders": ["game/screens/say.rpy", 43], "gui.namebox_tile": ["game/screens/say.rpy", 44], "gui.dialogue_xpos": ["game/screens/say.rpy", 46], "gui.dialogue_ypos": ["game/screens/say.rpy", 47], "gui.dialogue_width": ["game/screens/say.rpy", 48], "gui.dialogue_text_xalign": ["game/screens/say.rpy", 49], "narrator": ["game/script.rpy", 1], "spencer": ["game/script.rpy", 2], "spencer_no_side": ["game/script.rpy", 3], "kurt": ["game/script.rpy", 4], "andrew": ["game/script.rpy", 5], "fbi_probably": ["game/script.rpy", 6], "reed": ["game/script.rpy", 7], "ian": ["game/script.rpy", 8], "stranger": ["game/script.rpy", 9], "fisher": ["game/script.rpy", 10], "todd": ["game/script.rpy", 11], "audio.alarm_clock": ["game/script.rpy", 13], "audio.mechanical_click": ["game/script.rpy", 14], "audio.toaster_engage": ["game/script.rpy", 15], "audio.tinnitus": ["game/script.rpy", 16], "audio.tinnitus_hit": ["game/script.rpy", 17], "audio.toaster_pop": ["game/script.rpy", 18], "audio.railway_crossing_bell": ["game/script.rpy", 19], "audio.train_passing": ["game/script.rpy", 20], "audio.birds": ["game/script.rpy", 21], "audio.birds_hit": ["game/script.rpy", 22], "audio.padlock_unlock": ["game/script.rpy", 23], "audio.metal_door_open": ["game/script.rpy", 24], "audio.steps": ["game/script.rpy", 25], "audio.steps_stop": ["game/script.rpy", 26], "audio.underground_hum": ["game/script.rpy", 27], "audio.library": ["game/script.rpy", 28], "audio.chair_scrape": ["game/script.rpy", 29], "audio.static": ["game/script.rpy", 30], "audio.static2": ["game/script.rpy", 31], "audio.body_fall": ["game/script.rpy", 32], "audio.hungry": ["game/script.rpy", 33], "audio.hungry_louder": ["game/script.rpy", 34], "audio.crickets": ["game/script.rpy", 35], "audio.phone_vibrate": ["game/script.rpy", 36], "audio.alarm_clock_echo": ["game/script.rpy", 37], "audio.call_tone": ["game/script.rpy", 38], "audio.thunder_distant": ["game/script.rpy", 39], "audio.thunder_close": ["game/script.rpy", 40], "audio.rain": ["game/script.rpy", 41], "audio.clothes": ["game/script.rpy", 42], "audio.joggers": ["game/script.rpy", 43], "audio.keyboard_typing": ["game/script.rpy", 44], "audio.door_knock": ["game/script.rpy", 45], "audio.door_open": ["game/script.rpy", 46], "audio.door_close": ["game/script.rpy", 47], "audio.door_close_hit": ["game/script.rpy", 48], "audio.coffee_stir": ["game/script.rpy", 49], "audio.coffee_mug_on_table": ["game/script.rpy", 50], "audio.scanner": ["game/script.rpy", 51], "audio.car": ["game/script.rpy", 52], "audio.bowling_ball_rolling": ["game/script.rpy", 53], "audio.bowling_gutter_ball": ["game/script.rpy", 54], "audio.bowling_strike": ["game/script.rpy", 55], "audio.crowd": ["game/script.rpy", 56], "audio.crows": ["game/script.rpy", 57], "audio.chair_clatter": ["game/script.rpy", 58], "audio.fire_alarm": ["game/script.rpy", 59], "audio.keypad_press": ["game/script.rpy", 60], "audio.keypad_failure": ["game/script.rpy", 61], "audio.keypad_success_and_unlock": ["game/script.rpy", 62], "audio.keypad_door_shut": ["game/script.rpy", 63], "audio.slow_steps": ["game/script.rpy", 64], "audio.slow_steps_hit": ["game/script.rpy", 65], "audio.skedaddle": ["game/script.rpy", 66], "audio.cheese_it": ["game/script.rpy", 67], "audio.body_fall_loud": ["game/script.rpy", 68], "audio.alarm_clock_riser": ["game/script.rpy", 69], "audio.funky_chunk": ["game/script.rpy", 71], "audio.retrofuture_dirty": ["game/script.rpy", 72], "audio.acid_jazz": ["game/script.rpy", 73], "audio.rocket_power": ["game/script.rpy", 74], "audio.kalimba_relaxation_music": ["game/script.rpy", 75], "audio.just_as_soon": ["game/script.rpy", 76], "audio.leopard_print_elevator": ["game/script.rpy", 77], "audio.cold_sober": ["game/script.rpy", 78], "audio.lightless_dawn": ["game/script.rpy", 79], "audio.man_down": ["game/script.rpy", 80], "audio.eternity": ["game/script.rpy", 81], "audio.zigzag": ["game/script.rpy", 82], "audio.loopster": ["game/script.rpy", 83], "audio.chill_wave": ["game/script.rpy", 84], "audio.thief_in_the_night": ["game/script.rpy", 85], "audio.miami_viceroy": ["game/script.rpy", 86], "audio.too_cool": ["game/script.rpy", 87], "audio.pleasant_porridge": ["game/script.rpy", 88], "audio.dub_feral": ["game/script.rpy", 89], "audio.son_of_a_rocket": ["game/script.rpy", 90], "audio.night_cave": ["game/script.rpy", 91], "audio.carnivale_intrigue": ["game/script.rpy", 92], "audio.cold_funk": ["game/script.rpy", 93], "audio.maccary_bay": ["game/script.rpy", 94], "audio.babylon": ["game/script.rpy", 95]}, "screen": {"choice": ["game/screens/choice.rpy", 1], "confirm": ["game/screens/confirm.rpy", 1], "credits": ["game/screens/credits.rpy", 100], "debug": ["game/screens/debug.rpy", 7], "game_menu": ["game/screens/game_menu.rpy", 1], "input": ["game/screens/input.rpy", 1], "notify": ["game/screens/notify.rpy", 1], "preferences": ["game/screens/preferences.rpy", 1], "quick_menu": ["game/screens/quick_menu.rpy", 4], "resize_handler": ["game/screens/resize_handler.rpy", 5], "save": ["game/screens/save_load.rpy", 1], "load": ["game/screens/save_load.rpy", 6], "file_slots": ["game/screens/save_load.rpy", 11], "file_slot": ["game/screens/save_load.rpy", 23], "say": ["game/screens/say.rpy", 1], "skip_indicator": ["game/screens/skip_indicator.rpy", 1], "title_menu": ["game/screens/title_menu.rpy", 89], "title_menu_background": ["game/screens/title_menu.rpy", 110], "title_menu_chapter_background": ["game/screens/title_menu.rpy", 113], "title_menu_foreground": ["game/screens/title_menu.rpy", 170], "title_menu_prev_button": ["game/screens/title_menu.rpy", 173], "title_menu_next_button": ["game/screens/title_menu.rpy", 223], "title_menu_digits": ["game/screens/title_menu.rpy", 237], "title_menu_paper": ["game/screens/title_menu.rpy", 243], "title_menu_paper_button": ["game/screens/title_menu.rpy", 290], "title_menu_paper_button_hover": ["game/screens/title_menu.rpy", 302], "title_menu_vignette": ["game/screens/title_menu.rpy", 305]}, "transform": {"stageleft": ["game/scenes/scene_20.rpy", 88], "car_shake_ian_transform": ["game/scenes/scene_260.rpy", 87], "gutter_ball_screen_transform": ["game/scenes/scene_270.rpy", 12], "notify_appear": ["game/screens/notify.rpy", 11], "delayed_blink": ["game/screens/skip_indicator.rpy", 18], "title_menu_chapter_background_transform": ["game/screens/title_menu.rpy", 128], "title_menu_prev_button_reminder_transform": ["game/screens/title_menu.rpy", 200], "title_menu_chapter_select_reminder_transform": ["game/screens/title_menu.rpy", 211]}, "callable": {"quit": ["game/options.rpy", 140], "handle_resize": ["game/options.rpy", 158], "should_handle_resizing": ["game/options.rpy", 185], "safe_restart": ["game/options.rpy", 195], "set_dismiss_disabled": ["game/options.rpy", 205], "set_default_volume": ["game/options.rpy", 220], "sync_monitor_page_crop_to_scanner_sound": ["game/scenes/scene_250.rpy", 2], "CarShake.__init__": ["game/scenes/scene_260.rpy", 5], "CarShake.apply": ["game/scenes/scene_260.rpy", 9], "space_tick": ["game/scenes/scene_90.rpy", 2], "prompt_input": ["game/scenes/scene_80.rpy", 17], "sanitize_input": ["game/scenes/scene_80.rpy", 43], "TitleMenuChapter.__init__": ["game/screens/title_menu.rpy", 3], "resolve_furthest_chapter": ["game/screens/title_menu.rpy", 70], "find_previous_chapter": ["game/screens/title_menu.rpy", 77], "find_next_chapter": ["game/screens/title_menu.rpy", 83], "TitleMenuChapterBackgroundTransform.__init__": ["game/screens/title_menu.rpy", 138], "TitleMenuChapterBackgroundTransform.apply": ["game/screens/title_menu.rpy", 144], "unren_noblock": ["game/unren-rollback.rpy", 5]}}, "build": {"directory_name": "9-22-0.9.1", "executable_name": "9-22", "include_update": false, "packages": [{"name": "pc", "formats": ["zip"], "file_lists": ["windows", "linux", "renpy", "all"], "description": "PC: Windows and Linux", "update": true, "dlc": false, "hidden": false}, {"name": "linux", "formats": ["tar.bz2"], "file_lists": ["linux", "linux_arm", "renpy", "all"], "description": "Linux", "update": true, "dlc": false, "hidden": false}, {"name": "mac", "formats": ["app-zip", "app-dmg"], "file_lists": ["mac", "renpy", "all"], "description": "Macintosh", "update": true, "dlc": false, "hidden": false}, {"name": "win", "formats": ["zip"], "file_lists": ["windows", "renpy", "all"], "description": "Windows", "update": true, "dlc": false, "hidden": false}, {"name": "market", "formats": ["bare-zip"], "file_lists": ["windows", "linux", "mac", "renpy", "all"], "description": "Windows, Mac, Linux for Markets", "update": true, "dlc": false, "hidden": false}, {"name": "steam", "formats": ["zip"], "file_lists": ["windows", "linux", "mac", "renpy", "all"], "description": "steam", "update": true, "dlc": false, "hidden": true}, {"name": "android", "formats": ["directory"], "file_lists": ["android", "all"], "description": "android", "update": false, "dlc": true, "hidden": true}, {"name": "ios", "formats": ["directory"], "file_lists": ["ios", "all"], "description": "ios", "update": false, "dlc": true, "hidden": true}, {"name": "web", "formats": ["zip"], "file_lists": ["web", "renpy", "all"], "description": "web", "update": false, "dlc": true, "hidden": true}], "archives": [["archive", ["all"]]], "documentation_patterns": [], "base_patterns": [["*.py", null], ["*.sh", null], ["*.app/", null], ["*.dll", null], ["*.manifest", null], ["*.keystore", null], ["lib/", null], ["renpy/", null], ["update/", null], ["common/", null], ["update/", null], ["old-game/", null], ["icon.ico", null], ["icon.icns", null], ["project.json", null], ["log.txt", null], ["errors.txt", null], ["traceback.txt", null], ["image_cache.txt", null], ["text_overflow.txt", null], ["dialogue.txt", null], ["dialogue.tab", null], ["profile_screen.txt", null], ["files.txt", null], ["memory.txt", null], ["tmp/", null], ["game/saves/", null], ["game/bytecode.rpyb", null], ["archived/", null], ["launcherinfo.py", null], ["android.txt", null], ["game/presplash*.*", ["all"]], ["android.json", ["android"]], [".android.json", ["android"]], ["android-*.png", ["android"]], ["android-*.jpg", ["android"]], ["ouya_icon.png", null], ["ios-presplash.*", ["ios"]], ["ios-launchimage.png", null], ["ios-icon.png", null], ["web-presplash.png", ["web"]], ["web-presplash.jpg", ["web"]], ["web-presplash.webp", ["web"]], ["progressive_download.txt", ["web"]], ["steam_appid.txt", null], ["game/cache/bytecode-39.rpyb", ["all"]], ["game/cache/bytecode-311.rpyb", ["web"]], ["game/cache/bytecode-*.rpyb", null], ["**~", null], ["**.bak", null], ["**/.**", null], ["**/#**", null], ["**/thumbs.db", null], ["**/*.psd", null], ["**/*.rpy", null], ["**/*.rpym", null], ["**/*.rpyb", null], ["**/*.txt", null], ["**/*.sh", null], ["**/*.html", null], ["**/*.odt", null], ["platforms/**.**", null], ["docs/**.**", null], ["**nsfw**", null], ["game/**.png", ["archive"]], ["game/**.jpg", ["archive"]], ["game/**.webp", ["archive"]], ["game/**.ogg", ["archive"]], ["game/**.rpyc", ["archive"]], ["game/**.rpymc", ["archive"]], ["game/**.ttf", ["archive"]], ["game/**.otf", ["archive"]], ["game/**.webm", ["archive"]], [".*", null], ["**", ["all"]]], "renpy_patterns": [["renpy/common/_compat/**", null], ["renpy/common/_roundrect/**", null], ["renpy/common/_outline/**", null], ["renpy/common/_theme**", null], ["lib/**/_ssl.*", null], ["renpy/**__pycache__/**.cpython-39.pyc", ["all"]], ["renpy/**__pycache__", ["all"]], ["**~", null], ["**/#*", null], ["**/.*", null], ["**.old", null], ["**.new", null], ["**.rpa", null], ["**/steam_appid.txt", null], ["renpy.py", ["all"]], ["renpy/", ["all"]], ["renpy/**.py", ["renpy"]], ["renpy/**.pxd", null], ["renpy/**.pxi", null], ["renpy/**.pyx", null], ["renpy/**.pyc", null], ["renpy/**.pyo", null], ["renpy/common/", ["all"]], ["renpy/common/_compat/**", ["renpy"]], ["renpy/common/**.rpy", ["renpy"]], ["renpy/common/**.rpym", ["renpy"]], ["renpy/common/_compat/**", ["renpy"]], ["renpy/common/**", ["all"]], ["renpy/**", ["all"]], ["lib/*/renpy", null], ["lib/*/renpy.exe", null], ["lib/*/pythonw.exe", null], ["lib/py2-*/", null], ["lib/py*-windows-i686/**", ["windows_i686"]], ["lib/py*-windows-x86_64/**", ["windows"]], ["lib/py*-linux-i686/**", ["linux_i686"]], ["lib/py*-linux-aarch64/**", ["linux_arm"]], ["lib/py*-linux-armv7l/**", ["linux_arm"]], ["lib/py*-linux-*/**", ["linux"]], ["lib/py*-mac-*/**", ["mac"]], ["lib/python2.*/**", null], ["lib/**", ["windows", "linux", "mac", "android", "ios"]], ["renpy.sh", ["linux", "mac"]]], "xbit_patterns": ["**.sh", "lib/py*-linux-*/*", "lib/py*-mac-*/*", "**.app/Contents/MacOS/*"], "version": "0.9.1", "display_name": "9:22", "exclude_empty_directories": true, "allow_integrated_gpu": true, "renpy": false, "script_version": true, "destination": "9-22-0.9.1-dists", "itch_channels": [["*-all.zip", "win-osx-linux"], ["*-market.zip", "win-osx-linux"], ["*-pc.zip", "win-linux"], ["*-win.zip", "win"], ["*-mac.zip", "osx"], ["*-linux.tar.bz2", "linux"], ["*-release.apk", "android"]], "mac_info_plist": {}, "merge": [["linux_i686", "linux"], ["windows_i686", "windows"]], "include_i686": true, "change_icon_i686": true, "android_permissions": [], "_sdk_fonts": false}}